"ServerName","Enabled","CIMSession","GetSmbShare","GetFileShare","GetSmbShareAccess","DistinguishedName"
"hsazuredc1","True","True","True","True","True","CN=hsazuredc1,OU=Domain Controllers,DC=HS,DC=wvu-ad,DC=wvu,DC=edu"
"hsazuredc2","True","True","True","True","True","CN=hsazuredc2,OU=Domain Controllers,DC=HS,DC=wvu-ad,DC=wvu,DC=edu"
"HSDC2","True","True","True","True","True","CN=HSDC2,OU=Domain Controllers,DC=HS,DC=wvu-ad,DC=wvu,DC=edu"
"HSDC1","True","True","True","True","False","CN=HSDC1,OU=Domain Controllers,DC=HS,DC=wvu-ad,DC=wvu,DC=edu"
"HSDC3","True","True","True","True","True","CN=HSDC3,OU=Domain Controllers,DC=HS,DC=wvu-ad,DC=wvu,DC=edu"
"HSDPM","False","False","False","False","False","CN=HSDPM,OU=Inactive Computers,DC=HS,DC=wvu-ad,DC=wvu,DC=edu"
"HSDPM2","False","False","False","False","False","CN=HSDPM2,OU=Inactive Computers,DC=HS,DC=wvu-ad,DC=wvu,DC=edu"
"HSWEB","False","False","False","False","False","CN=HSWEB,OU=DisabledSystemsServers,OU=Inactive Computers,DC=HS,DC=wvu-ad,DC=wvu,DC=edu"
"HSRDBROKER01","True","True","True","True","True","CN=HSRDBROKER01,OU=RDSH,OU=Systems Servers,OU=HS Servers,DC=HS,DC=wvu-ad,DC=wvu,DC=edu"
"ROCRDBROKER01","True","True","True","True","True","CN=ROCRDBROKER01,OU=RDSH,OU=Systems Servers,OU=HS Servers,DC=HS,DC=wvu-ad,DC=wvu,DC=edu"
"HSTS1","False","False","False","False","False","CN=HSTS1,OU=DisabledSystemsServers,OU=Inactive Computers,DC=HS,DC=wvu-ad,DC=wvu,DC=edu"
"SOLEPROXYOLD","False","False","False","False","False","CN=SOLEPROXYOLD,OU=Inactive Computers,DC=HS,DC=wvu-ad,DC=wvu,DC=edu"
"CMS2","False","False","False","False","False","CN=CMS2,OU=Inactive Computers,DC=HS,DC=wvu-ad,DC=wvu,DC=edu"
"CMS1","False","False","False","False","False","CN=CMS1,OU=Inactive Computers,DC=HS,DC=wvu-ad,DC=wvu,DC=edu"
"CMS3","False","False","False","False","False","CN=CMS3,OU=Inactive Computers,DC=HS,DC=wvu-ad,DC=wvu,DC=edu"
"VENUS","False","False","False","False","False","CN=VENUS,OU=Inactive Computers,DC=HS,DC=wvu-ad,DC=wvu,DC=edu"
"OLDSTAGE","False","False","False","False","False","CN=OLDSTAGE,OU=Inactive Computers,DC=HS,DC=wvu-ad,DC=wvu,DC=edu"
"CITSCVMM","False","False","False","False","False","CN=CITSCVMM,OU=Inactive Computers,DC=HS,DC=wvu-ad,DC=wvu,DC=edu"
"ITSLOG","True","False","True","True","True","CN=ITSLOG,OU=CHSC Servers,OU=HS Servers,DC=HS,DC=wvu-ad,DC=wvu,DC=edu"
"CHSCFP2","False","False","False","False","False","CN=CHSCFP2,OU=Inactive Computers,DC=HS,DC=wvu-ad,DC=wvu,DC=edu"
"SPUMCO","True","False","True","True","True","CN=SPUMCO,OU=CHSC Servers,OU=HS Servers,DC=HS,DC=wvu-ad,DC=wvu,DC=edu"
"CHSCFP","True","False","True","True","True","CN=CHSCFP,OU=CHSC Servers,OU=HS Servers,DC=HS,DC=wvu-ad,DC=wvu,DC=edu"
"THATGUY","True","False","True","True","True","CN=THATGUY,OU=CHSC Servers,OU=HS Servers,DC=HS,DC=wvu-ad,DC=wvu,DC=edu"
"ITSWEB-STORAGE2","True","True","True","False","True","CN=ITSWEB-STORAGE2,OU=ITS Web Servers,OU=HS Servers,DC=HS,DC=wvu-ad,DC=wvu,DC=edu"
"ITSWEB-STORAGE1","True","False","True","False","True","CN=ITSWEB-STORAGE1,OU=ITS Web Servers,OU=HS Servers,DC=HS,DC=wvu-ad,DC=wvu,DC=edu"
"BRAINCHILD","False","False","False","False","False","CN=BRAINCHILD,OU=Inactive Computers,DC=HS,DC=wvu-ad,DC=wvu,DC=edu"
"HSSQLWITNESS","False","False","False","False","False","CN=HSSQLWITNESS,OU=DisabledSystemsServers,OU=Inactive Computers,DC=HS,DC=wvu-ad,DC=wvu,DC=edu"
"WAPAC","False","False","False","False","False","CN=WAPAC,OU=DisabledSystemsServers,OU=Inactive Computers,DC=HS,DC=wvu-ad,DC=wvu,DC=edu"
"RDTPDB10PR-ARC","True","False","True","False","True","CN=RDTPDB10PR-ARC,OU=RDTP Servers,OU=HS Servers,DC=HS,DC=wvu-ad,DC=wvu,DC=edu"
"HSPRINT3LEGACY","False","False","False","False","False","CN=HSPRINT3LEGACY,OU=DisabledSystemsServers,OU=Inactive Computers,DC=HS,DC=wvu-ad,DC=wvu,DC=edu"
"HSPRINT1LEGACY","False","False","False","False","False","CN=HSPRINT1LEGACY,OU=DisabledSystemsServers,OU=Inactive Computers,DC=HS,DC=wvu-ad,DC=wvu,DC=edu"
"HSSPN1","False","False","False","False","False","CN=HSSPN1,OU=DisabledSystemsServers,OU=Inactive Computers,DC=HS,DC=wvu-ad,DC=wvu,DC=edu"
"HSCFP","True","True","True","True","True","CN=HSCFP,OU=Systems Servers,OU=HS Servers,DC=HS,DC=wvu-ad,DC=wvu,DC=edu"
"HSPRINT4LEGACY","False","False","False","False","False","CN=HSPRINT4LEGACY,OU=DisabledSystemsServers,OU=Inactive Computers,DC=HS,DC=wvu-ad,DC=wvu,DC=edu"
"HSSPAPP","True","False","True","True","True","CN=HSSPAPP,OU=Systems Servers,OU=HS Servers,DC=HS,DC=wvu-ad,DC=wvu,DC=edu"
"SPTEST","False","False","False","False","False","CN=SPTEST,OU=DisabledSystemsServers,OU=Inactive Computers,DC=HS,DC=wvu-ad,DC=wvu,DC=edu"
"EYEBALL","True","False","True","True","True","CN=EYEBALL,OU=CHSC Servers,OU=HS Servers,DC=HS,DC=wvu-ad,DC=wvu,DC=edu"
"WWW2","False","False","False","False","False","CN=WWW2,OU=Inactive Computers,DC=HS,DC=wvu-ad,DC=wvu,DC=edu"
"CHSCTERMSRV","False","False","False","False","False","CN=CHSCTERMSRV,OU=Inactive Computers,DC=HS,DC=wvu-ad,DC=wvu,DC=edu"
"CMSMERGE","False","False","False","False","False","CN=CMSMERGE,OU=Inactive Computers,DC=HS,DC=wvu-ad,DC=wvu,DC=edu"
"HSBACKUPS","False","False","False","False","False","CN=HSBACKUPS,OU=WinServer,OU=Inactive Computers,DC=HS,DC=wvu-ad,DC=wvu,DC=edu"
"SGHOST","False","False","False","False","False","CN=SGHOST,OU=DisabledSystemsServers,OU=Inactive Computers,DC=HS,DC=wvu-ad,DC=wvu,DC=edu"
"HSADFS2PROXY","False","False","False","False","False","CN=HSADFS2PROXY,OU=DisabledSystemsServers,OU=Inactive Computers,DC=HS,DC=wvu-ad,DC=wvu,DC=edu"
"TERM-TEST","True","False","True","True","True","CN=TERM-TEST,OU=Systems Servers,OU=HS Servers,DC=HS,DC=wvu-ad,DC=wvu,DC=edu"
"HSSQL","False","False","False","False","False","CN=HSSQL,OU=DisabledSystemsServers,OU=Inactive Computers,DC=HS,DC=wvu-ad,DC=wvu,DC=edu"
"CWVUCAMCTERM","True","False","True","True","True","CN=CWVUCAMCTERM,OU=CHSC Servers,OU=HS Servers,DC=HS,DC=wvu-ad,DC=wvu,DC=edu"
"CHSCPRINT","True","True","True","False","True","CN=CHSCPRINT,OU=CHSC Servers,OU=HS Servers,DC=HS,DC=wvu-ad,DC=wvu,DC=edu"
"QUEST","False","False","False","False","False","CN=QUEST,OU=DisabledSystemsServers,OU=Inactive Computers,DC=HS,DC=wvu-ad,DC=wvu,DC=edu"
"ITSWEB-WEBTMA","True","True","False","False","False","CN=ITSWEB-WEBTMA,OU=ITS Web Servers,OU=HS Servers,DC=HS,DC=wvu-ad,DC=wvu,DC=edu"
"CHSCRDP","True","False","False","False","False","CN=CHSCRDP,OU=CHSC Servers,OU=HS Servers,DC=HS,DC=wvu-ad,DC=wvu,DC=edu"
"SODSPICE","False","False","False","False","False","CN=SODSPICE,OU=WinServer,OU=Inactive Computers,DC=HS,DC=wvu-ad,DC=wvu,DC=edu"
"WLSERVER","False","False","False","False","False","CN=WLSERVER,OU=WinServer,OU=Inactive Computers,DC=HS,DC=wvu-ad,DC=wvu,DC=edu"
"CHSCRDPTEST","True","False","False","False","False","CN=CHSCRDPTEST,OU=CHSC Servers,OU=HS Servers,DC=HS,DC=wvu-ad,DC=wvu,DC=edu"
"HS-MBRCC","True","True","True","False","True","CN=HS-MBRCC,OU=Systems Servers,OU=HS Servers,DC=HS,DC=wvu-ad,DC=wvu,DC=edu"
"HS-ANAT","True","True","True","False","True","CN=HS-ANAT,OU=Systems Servers,OU=HS Servers,DC=HS,DC=wvu-ad,DC=wvu,DC=edu"
"HSDATA","False","False","False","False","False","CN=HSDATA,OU=DisabledSystemsServers,OU=Inactive Computers,DC=HS,DC=wvu-ad,DC=wvu,DC=edu"
"HS-SPH","False","False","False","False","False","CN=HS-SPH,OU=DisabledSystemsServers,OU=Inactive Computers,DC=HS,DC=wvu-ad,DC=wvu,DC=edu"
"ITSWEB-ONCORE","True","False","True","False","True","CN=ITSWEB-ONCORE,OU=ITS Web Servers,OU=HS Servers,DC=HS,DC=wvu-ad,DC=wvu,DC=edu"
"ITSWEB-ONCORETE","True","False","True","False","True","CN=ITSWEB-ONCORETE,OU=ITS Web Servers,OU=HS Servers,DC=HS,DC=wvu-ad,DC=wvu,DC=edu"
"ITSWEB-SOLEPROX","True","False","True","False","True","CN=ITSWEB-SOLEPROX,OU=ITS Web Servers,OU=HS Servers,DC=HS,DC=wvu-ad,DC=wvu,DC=edu"
"ITSWEB-WEB03","True","True","True","False","True","CN=ITSWEB-WEB03,OU=ITS Web Servers,OU=HS Servers,DC=HS,DC=wvu-ad,DC=wvu,DC=edu"
"HSRDTP","True","True","True","False","True","CN=HSRDTP,OU=RDTP Servers,OU=HS Servers,DC=HS,DC=wvu-ad,DC=wvu,DC=edu"
"HSVDIVCP1","True","True","True","False","True","CN=HSVDIVCP1,OU=Systems Servers,OU=HS Servers,DC=HS,DC=wvu-ad,DC=wvu,DC=edu"
"HSSC8","True","True","True","False","True","CN=HSSC8,OU=Systems Servers,OU=HS Servers,DC=HS,DC=wvu-ad,DC=wvu,DC=edu"
"HS-WVUH-DRSYNC","False","False","False","False","False","CN=HS-WVUH-DRSYNC,OU=DisabledSystemsServers,OU=Inactive Computers,DC=HS,DC=wvu-ad,DC=wvu,DC=edu"
"MACHAGGIS","True","False","True","False","True","CN=MACHAGGIS,OU=CHSC Servers,OU=HS Servers,DC=HS,DC=wvu-ad,DC=wvu,DC=edu"
"HS-PATH","True","True","True","False","True","CN=HS-PATH,OU=Systems Servers,OU=HS Servers,DC=HS,DC=wvu-ad,DC=wvu,DC=edu"
"SCANPATH","True","False","True","False","True","CN=SCANPATH,OU=CHSC Servers,OU=HS Servers,DC=HS,DC=wvu-ad,DC=wvu,DC=edu"
"CHSCXMTRON","True","False","True","False","True","CN=CHSCXMTRON,OU=CHSC Servers,OU=HS Servers,DC=HS,DC=wvu-ad,DC=wvu,DC=edu"
"ITSWEB-TASKS","True","False","True","False","True","CN=ITSWEB-TASKS,OU=ITS Web Servers,OU=HS Servers,DC=HS,DC=wvu-ad,DC=wvu,DC=edu"
"CHSCITSLOG","True","False","True","False","True","CN=CHSCITSLOG,OU=CHSC Servers,OU=HS Servers,DC=HS,DC=wvu-ad,DC=wvu,DC=edu"
"HSC-RAP","True","False","True","False","True","CN=HSC-RAP,OU=Systems Servers,OU=HS Servers,DC=HS,DC=wvu-ad,DC=wvu,DC=edu"
"SEP12","False","False","False","False","False","CN=SEP12,OU=DisabledSystemsServers,OU=Inactive Computers,DC=HS,DC=wvu-ad,DC=wvu,DC=edu"
"CHSCVMCR","False","False","False","False","False","CN=CHSCVMCR,OU=CHSC,OU=HS Computers,DC=HS,DC=wvu-ad,DC=wvu,DC=edu"
"CHSCSCCM","True","False","True","False","True","CN=CHSCSCCM,OU=CHSC Servers,OU=HS Servers,DC=HS,DC=wvu-ad,DC=wvu,DC=edu"
"JUPITER","True","True","True","False","True","CN=JUPITER,OU=ITS Web Servers,OU=HS Servers,DC=HS,DC=wvu-ad,DC=wvu,DC=edu"
"HSSCCM","True","True","True","False","True","CN=HSSCCM,OU=Systems Servers,OU=HS Servers,DC=HS,DC=wvu-ad,DC=wvu,DC=edu"
"HS-SCCM2","True","True","True","False","True","CN=HS-SCCM2,OU=Systems Servers,OU=HS Servers,DC=HS,DC=wvu-ad,DC=wvu,DC=edu"
"MIFIMAGES","True","False","True","False","True","CN=MIFIMAGES,OU=Med Servers,OU=HS Servers,DC=HS,DC=wvu-ad,DC=wvu,DC=edu"
"HSVIEW","False","False","False","False","False","CN=HSVIEW,OU=Inactive Computers,DC=HS,DC=wvu-ad,DC=wvu,DC=edu"
"MDM","False","False","False","False","False","CN=MDM,OU=DisabledSystemsServers,OU=Inactive Computers,DC=HS,DC=wvu-ad,DC=wvu,DC=edu"
"VEEAM","True","True","True","False","True","CN=VEEAM,OU=Systems Servers,OU=HS Servers,DC=HS,DC=wvu-ad,DC=wvu,DC=edu"
"ITSWEB-SOLEWEB2","True","False","True","False","True","CN=ITSWEB-SOLEWEB2,OU=ITS Web Servers,OU=HS Servers,DC=HS,DC=wvu-ad,DC=wvu,DC=edu"
"HSTRIDENT2","False","False","False","False","False","CN=HSTRIDENT2,OU=Inactive Computers,DC=HS,DC=wvu-ad,DC=wvu,DC=edu"
"HSTRIDENT1","False","False","False","False","False","CN=HSTRIDENT1,OU=Inactive Computers,DC=HS,DC=wvu-ad,DC=wvu,DC=edu"
"AZSERVERPREVIEW","False","False","False","False","False","CN=AZSERVERPREVIEW,OU=DisabledSystemsServers,OU=Inactive Computers,DC=HS,DC=wvu-ad,DC=wvu,DC=edu"
"AZUREADFS1","False","False","False","False","False","CN=AZUREADFS1,OU=DisabledSystemsServers,OU=Inactive Computers,DC=HS,DC=wvu-ad,DC=wvu,DC=edu"
"AZUREADFS2","False","False","False","False","False","CN=AZUREADFS2,OU=DisabledSystemsServers,OU=Inactive Computers,DC=HS,DC=wvu-ad,DC=wvu,DC=edu"
"ADCONNECT","True","True","True","False","False","CN=ADCONNECT,OU=Systems Servers,OU=HS Servers,DC=HS,DC=wvu-ad,DC=wvu,DC=edu"
"HS-CLINIC","False","False","False","False","False","CN=HS-CLINIC,OU=DisabledSystemsServers,OU=Inactive Computers,DC=HS,DC=wvu-ad,DC=wvu,DC=edu"
"ITSWEB-WEB04","True","True","True","True","True","CN=ITSWEB-WEB04,OU=ITS Web Servers,OU=HS Servers,DC=HS,DC=wvu-ad,DC=wvu,DC=edu"
"HS-TOOLS","True","True","True","False","True","CN=HS-TOOLS,OU=Systems Servers,OU=HS Servers,DC=HS,DC=wvu-ad,DC=wvu,DC=edu"
"ITSWEB-EMAIL","True","False","True","False","True","CN=ITSWEB-EMAIL,OU=ITS Web Servers,OU=HS Servers,DC=HS,DC=wvu-ad,DC=wvu,DC=edu"
"HSC-ITS","True","True","True","False","True","CN=HSC-ITS,OU=Systems Servers,OU=HS Servers,DC=HS,DC=wvu-ad,DC=wvu,DC=edu"
"HS-SOM","True","True","True","False","True","CN=HS-SOM,OU=Systems Servers,OU=HS Servers,DC=HS,DC=wvu-ad,DC=wvu,DC=edu"
"HS-SCCM4","True","True","True","False","True","CN=HS-SCCM4,OU=Systems Servers,OU=HS Servers,DC=HS,DC=wvu-ad,DC=wvu,DC=edu"
"HS-SCCM3","True","True","True","False","True","CN=HS-SCCM3,OU=Systems Servers,OU=HS Servers,DC=HS,DC=wvu-ad,DC=wvu,DC=edu"
"HS-SCCM5","False","False","False","False","False","CN=HS-SCCM5,OU=Inactive Computers,DC=HS,DC=wvu-ad,DC=wvu,DC=edu"
"HS-SCCM1","True","True","True","False","True","CN=HS-SCCM1,OU=Systems Servers,OU=HS Servers,DC=HS,DC=wvu-ad,DC=wvu,DC=edu"
"ITSWEB-STORAGE","True","True","True","False","True","CN=ITSWEB-STORAGE,OU=ITS Web Servers,OU=HS Servers,DC=HS,DC=wvu-ad,DC=wvu,DC=edu"
"CWVUCITTEST","False","False","False","False","False","CN=CWVUCITTEST,OU=WinServer,OU=Inactive Computers,DC=HS,DC=wvu-ad,DC=wvu,DC=edu"
"CHSCDDPE","False","False","False","False","False","CN=CHSCDDPE,OU=CHSC,OU=HS Computers,DC=HS,DC=wvu-ad,DC=wvu,DC=edu"
"HSPST","False","False","False","False","False","CN=HSPST,OU=DisabledSystemsServers,OU=Inactive Computers,DC=HS,DC=wvu-ad,DC=wvu,DC=edu"
"HSVCTEST","False","False","False","False","False","CN=HSVCTEST,OU=DisabledSystemsServers,OU=Inactive Computers,DC=HS,DC=wvu-ad,DC=wvu,DC=edu"
"ITSWEB-SHRINE","True","False","True","False","False","CN=ITSWEB-SHRINE,OU=ITS Web Servers,OU=HS Servers,DC=HS,DC=wvu-ad,DC=wvu,DC=edu"
"CHSCFORTYTWO","False","False","False","False","False","CN=CHSCFORTYTWO,OU=CHSC,OU=HS Computers,DC=HS,DC=wvu-ad,DC=wvu,DC=edu"
"FIMPORTAL","False","False","False","False","False","CN=FIMPORTAL,OU=DisabledSystemsServers,OU=Inactive Computers,DC=HS,DC=wvu-ad,DC=wvu,DC=edu"
"FIMDB","False","False","False","False","False","CN=FIMDB,OU=DisabledSystemsServers,OU=Inactive Computers,DC=HS,DC=wvu-ad,DC=wvu,DC=edu"
"FIMCM","False","False","False","False","False","CN=FIMCM,OU=DisabledSystemsServers,OU=Inactive Computers,DC=HS,DC=wvu-ad,DC=wvu,DC=edu"
"FILESRVR","False","False","False","False","False","CN=FILESRVR,OU=DisabledSystemsServers,OU=Inactive Computers,DC=HS,DC=wvu-ad,DC=wvu,DC=edu"
"HSHC2013B","False","False","False","False","False","CN=HSHC2013B,OU=DisabledSystemsServers,OU=Inactive Computers,DC=HS,DC=wvu-ad,DC=wvu,DC=edu"
"HSHC2013","False","False","False","False","False","CN=HSHC2013,OU=DisabledSystemsServers,OU=Inactive Computers,DC=HS,DC=wvu-ad,DC=wvu,DC=edu"
"HSFIM","False","False","False","False","False","CN=HSFIM,OU=DisabledSystemsServers,OU=Inactive Computers,DC=HS,DC=wvu-ad,DC=wvu,DC=edu"
"CHSCMBAM","True","False","True","False","True","CN=CHSCMBAM,OU=CHSC Servers,OU=HS Servers,DC=HS,DC=wvu-ad,DC=wvu,DC=edu"
"ITSWEB-SQL08R2","True","True","True","False","False","CN=ITSWEB-SQL08R2,OU=ITS Web Servers,OU=HS Servers,DC=HS,DC=wvu-ad,DC=wvu,DC=edu"
"HSAZUREPRINT1","False","False","False","False","False","CN=HSAZUREPRINT1,OU=DisabledSystemsServers,OU=Inactive Computers,DC=HS,DC=wvu-ad,DC=wvu,DC=edu"
"HSSPWEB","False","False","False","False","False","CN=HSSPWEB,OU=DisabledSystemsServers,OU=Inactive Computers,DC=HS,DC=wvu-ad,DC=wvu,DC=edu"
"STORSIMPLETEST","False","False","False","False","False","CN=STORSIMPLETEST,OU=DisabledSystemsServers,OU=Inactive Computers,DC=HS,DC=wvu-ad,DC=wvu,DC=edu"
"HSSPSQL","False","False","False","False","False","CN=HSSPSQL,OU=DisabledSystemsServers,OU=Inactive Computers,DC=HS,DC=wvu-ad,DC=wvu,DC=edu"
"HSCOMPOSER","True","False","True","False","True","CN=HSCOMPOSER,OU=HS Servers,DC=HS,DC=wvu-ad,DC=wvu,DC=edu"
"HSVDICONNMAN","False","False","False","False","False","CN=HSVDICONNMAN,OU=DisabledSystemsServers,OU=Inactive Computers,DC=HS,DC=wvu-ad,DC=wvu,DC=edu"
"CHSC-HYPERV1","True","True","True","False","True","CN=CHSC-HYPERV1,OU=Systems Servers,OU=HS Servers,DC=HS,DC=wvu-ad,DC=wvu,DC=edu"
"HSVDIVC","False","False","False","False","False","CN=HSVDIVC,OU=DisabledSystemsServers,OU=Inactive Computers,DC=HS,DC=wvu-ad,DC=wvu,DC=edu"
"AZURESTATION","False","False","False","False","False","CN=AZURESTATION,OU=DisabledSystemsServers,OU=Inactive Computers,DC=HS,DC=wvu-ad,DC=wvu,DC=edu"
"CHSC-HYPERV2","True","True","True","False","True","CN=CHSC-HYPERV2,OU=Systems Servers,OU=HS Servers,DC=HS,DC=wvu-ad,DC=wvu,DC=edu"
"HSVDICON2","True","True","True","False","True","CN=HSVDICON2,OU=Systems Servers,OU=HS Servers,DC=HS,DC=wvu-ad,DC=wvu,DC=edu"
"HSVDICON4","True","True","True","False","True","CN=HSVDICON4,OU=Systems Servers,OU=HS Servers,DC=HS,DC=wvu-ad,DC=wvu,DC=edu"
"HSVDISG1","True","True","True","False","True","CN=HSVDISG1,OU=Systems Servers,OU=HS Servers,DC=HS,DC=wvu-ad,DC=wvu,DC=edu"
"HS-OLDDATA","False","False","False","False","False","CN=HS-OLDDATA,OU=DisabledSystemsServers,OU=Inactive Computers,DC=HS,DC=wvu-ad,DC=wvu,DC=edu"
"ITSWEB-BACKUPS2","True","True","True","True","True","CN=ITSWEB-BACKUPS2,OU=ITS Web Servers,OU=HS Servers,DC=HS,DC=wvu-ad,DC=wvu,DC=edu"
"ITSWEB-BACKUPS1","True","True","True","False","True","CN=ITSWEB-BACKUPS1,OU=ITS Web Servers,OU=HS Servers,DC=HS,DC=wvu-ad,DC=wvu,DC=edu"
"SYSSCRIPT2","True","True","True","False","True","CN=SYSSCRIPT2,OU=Systems Servers,OU=HS Servers,DC=HS,DC=wvu-ad,DC=wvu,DC=edu"
"CHSCVCENTER-HYV","True","False","True","False","True","CN=CHSCVCENTER-HYV,OU=DisabledSystemsServers,OU=Inactive Computers,DC=HS,DC=wvu-ad,DC=wvu,DC=edu"
"ITSWEB-WSBITRAI","True","False","True","False","True","CN=ITSWEB-WSBITRAI,OU=ITS Web Servers,OU=HS Servers,DC=HS,DC=wvu-ad,DC=wvu,DC=edu"
"ITSWEB-WSBIPROD","True","False","True","False","True","CN=ITSWEB-WSBIPROD,OU=ITS Web Servers,OU=HS Servers,DC=HS,DC=wvu-ad,DC=wvu,DC=edu"
"CWVUVMWDL","True","False","True","False","True","CN=CWVUVMWDL,OU=CHSC Servers,OU=HS Servers,DC=HS,DC=wvu-ad,DC=wvu,DC=edu"
"HSVDICON1","True","True","True","False","True","CN=HSVDICON1,OU=Systems Servers,OU=HS Servers,DC=HS,DC=wvu-ad,DC=wvu,DC=edu"
"HSVDISG2","True","True","True","False","True","CN=HSVDISG2,OU=Systems Servers,OU=HS Servers,DC=HS,DC=wvu-ad,DC=wvu,DC=edu"
"HSVDICON3","True","True","True","False","True","CN=HSVDICON3,OU=Systems Servers,OU=HS Servers,DC=HS,DC=wvu-ad,DC=wvu,DC=edu"
"SP2010TEST","False","False","False","False","False","CN=SP2010TEST,OU=DisabledSystemsServers,OU=Inactive Computers,DC=HS,DC=wvu-ad,DC=wvu,DC=edu"
"SYSCRIPT3","False","False","False","False","False","CN=SYSCRIPT3,OU=Inactive Computers,DC=HS,DC=wvu-ad,DC=wvu,DC=edu"
"SYSSCRIPT3","True","True","True","True","True","CN=SYSSCRIPT3,OU=Systems Servers,OU=HS Servers,DC=HS,DC=wvu-ad,DC=wvu,DC=edu"
"APOGEE1","True","False","True","True","True","CN=APOGEE1,OU=Apogee,OU=Systems Servers,OU=HS Servers,DC=HS,DC=wvu-ad,DC=wvu,DC=edu"
"SOD-AXIUM","True","True","True","True","True","CN=SOD-AXIUM,OU=Systems Servers,OU=HS Servers,DC=HS,DC=wvu-ad,DC=wvu,DC=edu"
"HSPRINT2","True","True","True","False","True","CN=HSPRINT2,OU=Systems Servers,OU=HS Servers,DC=HS,DC=wvu-ad,DC=wvu,DC=edu"
"ITSWEB-SYSTOOLS","True","True","True","True","True","CN=ITSWEB-SYSTOOLS,OU=ITS Web Servers,OU=HS Servers,DC=HS,DC=wvu-ad,DC=wvu,DC=edu"
"SODINTRANET","True","False","True","True","False","CN=SODINTRANET,OU=SOD Servers,OU=HS Servers,DC=HS,DC=wvu-ad,DC=wvu,DC=edu"
"ITSWEB-WEBDEV2","True","False","False","True","True","CN=ITSWEB-WEBDEV2,OU=ITS Web Servers,OU=HS Servers,DC=HS,DC=wvu-ad,DC=wvu,DC=edu"
"ITSWEB-CACHDEV1","True","True","True","True","True","CN=ITSWEB-CACHDEV1,OU=ITS Web Servers,OU=HS Servers,DC=HS,DC=wvu-ad,DC=wvu,DC=edu"
"HSEXCHP","False","False","False","False","False","CN=HSEXCHP,OU=DisabledSystemsServers,OU=Inactive Computers,DC=HS,DC=wvu-ad,DC=wvu,DC=edu"
"ITSWEB-CACHDEV2","True","True","True","True","True","CN=ITSWEB-CACHDEV2,OU=ITS Web Servers,OU=HS Servers,DC=HS,DC=wvu-ad,DC=wvu,DC=edu"
"ITSWEB-TCAGENT1","True","True","True","True","True","CN=ITSWEB-TCAGENT1,OU=ITS Web Servers,OU=HS Servers,DC=HS,DC=wvu-ad,DC=wvu,DC=edu"
"HSEXCHD","False","False","False","False","False","CN=HSEXCHD,OU=DisabledSystemsServers,OU=Inactive Computers,DC=HS,DC=wvu-ad,DC=wvu,DC=edu"
"SYSSCRIPT4","True","True","True","True","True","CN=SYSSCRIPT4,OU=Systems Servers,OU=HS Servers,DC=HS,DC=wvu-ad,DC=wvu,DC=edu"
"FUSION","False","False","False","False","False","CN=FUSION,OU=DisabledSystemsServers,OU=Inactive Computers,DC=HS,DC=wvu-ad,DC=wvu,DC=edu"
"ADFS3","False","False","False","False","False","CN=ADFS3,OU=DisabledSystemsServers,OU=Inactive Computers,DC=HS,DC=wvu-ad,DC=wvu,DC=edu"
"CLASSFILES","True","True","True","False","True","CN=CLASSFILES,OU=Systems Servers,OU=HS Servers,DC=HS,DC=wvu-ad,DC=wvu,DC=edu"
"AMCAS","False","False","False","False","False","CN=AMCAS,OU=DisabledSystemsServers,OU=Inactive Computers,DC=HS,DC=wvu-ad,DC=wvu,DC=edu"
"HS-IRIS","True","True","True","False","True","CN=HS-IRIS,OU=Systems Servers,OU=HS Servers,DC=HS,DC=wvu-ad,DC=wvu,DC=edu"
"HSSMTP","True","True","True","False","True","CN=HSSMTP,OU=Systems Servers,OU=HS Servers,DC=HS,DC=wvu-ad,DC=wvu,DC=edu"
"HS-MBAM","True","True","True","False","True","CN=HS-MBAM,OU=Systems Servers,OU=HS Servers,DC=HS,DC=wvu-ad,DC=wvu,DC=edu"
"HSFTP","True","True","True","False","True","CN=HSFTP,OU=Systems Servers,OU=HS Servers,DC=HS,DC=wvu-ad,DC=wvu,DC=edu"
"HS-FP","False","False","False","False","False","CN=HS-FP,OU=DisabledSystemsServers,OU=Inactive Computers,DC=HS,DC=wvu-ad,DC=wvu,DC=edu"
"HSHYPERV","True","True","True","True","True","CN=HSHYPERV,OU=Systems Servers,OU=HS Servers,DC=HS,DC=wvu-ad,DC=wvu,DC=edu"
"HSSPAPP2013","False","False","False","False","False","CN=HSSPAPP2013,OU=DisabledSystemsServers,OU=Inactive Computers,DC=HS,DC=wvu-ad,DC=wvu,DC=edu"
"HSSRMD1","True","True","True","True","True","CN=HSSRMD1,OU=Systems Servers,OU=HS Servers,DC=HS,DC=wvu-ad,DC=wvu,DC=edu"
"HSSQL2012","True","True","True","False","True","CN=HSSQL2012,OU=Systems Servers,OU=HS Servers,DC=HS,DC=wvu-ad,DC=wvu,DC=edu"
"HSSPN2","True","False","True","False","True","CN=HSSPN2,OU=Systems Servers,OU=HS Servers,DC=HS,DC=wvu-ad,DC=wvu,DC=edu"
"HSSPN2013","True","False","True","False","True","CN=HSSPN2013,OU=Systems Servers,OU=HS Servers,DC=HS,DC=wvu-ad,DC=wvu,DC=edu"
"WVUCPRC-VAISALA","False","False","False","False","False","CN=WVUCPRC-VAISALA,OU=DisabledSystemsServers,OU=Inactive Computers,DC=HS,DC=wvu-ad,DC=wvu,DC=edu"
"HSSQL2","True","True","False","False","False","CN=HSSQL2,OU=Systems Servers,OU=HS Servers,DC=HS,DC=wvu-ad,DC=wvu,DC=edu"
"HS-KEYS","True","True","True","False","True","CN=HS-KEYS,OU=Systems Servers,OU=HS Servers,DC=HS,DC=wvu-ad,DC=wvu,DC=edu"
"HSUPDATE","True","False","True","False","True","CN=HSUPDATE,OU=Systems Servers,OU=HS Servers,DC=HS,DC=wvu-ad,DC=wvu,DC=edu"
"SPSQLTEST","False","False","False","False","False","CN=SPSQLTEST,OU=DisabledSystemsServers,OU=Inactive Computers,DC=HS,DC=wvu-ad,DC=wvu,DC=edu"
"HSSRMP1","True","True","True","True","True","CN=HSSRMP1,OU=Systems Servers,OU=HS Servers,DC=HS,DC=wvu-ad,DC=wvu,DC=edu"
"HS-EHSA","True","True","True","False","True","CN=HS-EHSA,OU=Systems Servers,OU=HS Servers,DC=HS,DC=wvu-ad,DC=wvu,DC=edu"
"LYNXOLD","False","False","False","False","False","CN=LYNXOLD,OU=DisabledSystemsServers,OU=Inactive Computers,DC=HS,DC=wvu-ad,DC=wvu,DC=edu"
"ITS-SP-TEST","False","False","False","False","False","CN=ITS-SP-TEST,OU=DisabledSystemsServers,OU=Inactive Computers,DC=HS,DC=wvu-ad,DC=wvu,DC=edu"
"HS-UCSC","True","True","True","False","True","CN=HS-UCSC,OU=Systems Servers,OU=HS Servers,DC=HS,DC=wvu-ad,DC=wvu,DC=edu"
"RAP-SCCM","False","False","False","False","False","CN=RAP-SCCM,OU=DisabledSystemsServers,OU=Inactive Computers,DC=HS,DC=wvu-ad,DC=wvu,DC=edu"
"SOD-CARD","False","False","False","False","False","CN=SOD-CARD,OU=DisabledSystemsServers,OU=Inactive Computers,DC=HS,DC=wvu-ad,DC=wvu,DC=edu"
"ITSWEB-CACHPRO1","True","True","True","True","True","CN=ITSWEB-CACHPRO1,OU=ITS Web Servers,OU=HS Servers,DC=HS,DC=wvu-ad,DC=wvu,DC=edu"
"ITSWEB-CACHPRO2","True","True","True","True","True","CN=ITSWEB-CACHPRO2,OU=ITS Web Servers,OU=HS Servers,DC=HS,DC=wvu-ad,DC=wvu,DC=edu"
"HSTSROC1","False","False","False","False","False","CN=HSTSROC1,OU=DisabledSystemsServers,OU=Inactive Computers,DC=HS,DC=wvu-ad,DC=wvu,DC=edu"
"SQL2016","True","True","True","True","True","CN=SQL2016,OU=Systems Servers,OU=HS Servers,DC=HS,DC=wvu-ad,DC=wvu,DC=edu"
"HSPRINT3","True","True","True","True","True","CN=HSPRINT3,OU=Systems Servers,OU=HS Servers,DC=HS,DC=wvu-ad,DC=wvu,DC=edu"
"HSRDSH02","True","True","True","True","True","CN=HSRDSH02,OU=RDSH,OU=Systems Servers,OU=HS Servers,DC=HS,DC=wvu-ad,DC=wvu,DC=edu"
"ROCRDSH01","True","True","True","True","True","CN=ROCRDSH01,OU=RDSH,OU=Systems Servers,OU=HS Servers,DC=HS,DC=wvu-ad,DC=wvu,DC=edu"
"ROCRDBROKER02","False","False","False","False","False","CN=ROCRDBROKER02,OU=DisabledSystemsServers,OU=Inactive Computers,DC=HS,DC=wvu-ad,DC=wvu,DC=edu"
"ROCRDGWY01","False","False","False","False","False","CN=ROCRDGWY01,OU=DisabledSystemsServers,OU=Inactive Computers,DC=HS,DC=wvu-ad,DC=wvu,DC=edu"
"ROCRDSH02","True","True","True","True","True","CN=ROCRDSH02,OU=RDSH,OU=Systems Servers,OU=HS Servers,DC=HS,DC=wvu-ad,DC=wvu,DC=edu"
"HSRDSH01","True","True","True","True","True","CN=HSRDSH01,OU=RDSH,OU=Systems Servers,OU=HS Servers,DC=HS,DC=wvu-ad,DC=wvu,DC=edu"
"HSRDGWY01","False","False","False","False","False","CN=HSRDGWY01,OU=DisabledSystemsServers,OU=Inactive Computers,DC=HS,DC=wvu-ad,DC=wvu,DC=edu"
"HSRDBROKER02","False","False","False","False","False","CN=HSRDBROKER02,OU=DisabledSystemsServers,OU=Inactive Computers,DC=HS,DC=wvu-ad,DC=wvu,DC=edu"
"HSLISTSMTP","False","False","False","False","False","CN=HSLISTSMTP,OU=DisabledSystemsServers,OU=Inactive Computers,DC=HS,DC=wvu-ad,DC=wvu,DC=edu"
"WINCATI","True","True","True","True","True","CN=WINCATI,OU=Systems Servers,OU=HS Servers,DC=HS,DC=wvu-ad,DC=wvu,DC=edu"
"ITSWEB-SQLVM1","True","True","True","True","True","CN=ITSWEB-SQLVM1,OU=ITS Web Servers,OU=HS Servers,DC=HS,DC=wvu-ad,DC=wvu,DC=edu"
"HSPRINT1","True","True","True","True","True","CN=HSPRINT1,OU=Systems Servers,OU=HS Servers,DC=HS,DC=wvu-ad,DC=wvu,DC=edu"
"HSDUO","True","True","False","True","False","CN=HSDUO,OU=Systems Servers,OU=HS Servers,DC=HS,DC=wvu-ad,DC=wvu,DC=edu"
"CHSCFS","True","False","False","True","False","CN=CHSCFS,OU=CHSC Servers,OU=HS Servers,DC=HS,DC=wvu-ad,DC=wvu,DC=edu"
"SOD-MIP-SQLOLD","True","False","False","True","False","CN=SOD-MIP-SQLOLD,OU=SOD Servers,OU=HS Servers,DC=HS,DC=wvu-ad,DC=wvu,DC=edu"
"CHSCMACHAGGIS","True","False","False","True","False","CN=CHSCMACHAGGIS,OU=CHSC Servers,OU=HS Servers,DC=HS,DC=wvu-ad,DC=wvu,DC=edu"
"CHSCZAFOD","True","False","False","True","False","CN=CHSCZAFOD,OU=CHSC Servers,OU=HS Servers,DC=HS,DC=wvu-ad,DC=wvu,DC=edu"
"HSHYPERV2-MGT","True","True","True","True","True","CN=HSHYPERV2-MGT,OU=Systems Servers,OU=HS Servers,DC=HS,DC=wvu-ad,DC=wvu,DC=edu"
"HS-SOD","True","True","True","False","True","CN=HS-SOD,OU=Systems Servers,OU=HS Servers,DC=HS,DC=wvu-ad,DC=wvu,DC=edu"
"HS-BASSCI","True","True","True","False","True","CN=HS-BASSCI,OU=Systems Servers,OU=HS Servers,DC=HS,DC=wvu-ad,DC=wvu,DC=edu"
"HSVDICTSI","True","True","True","True","True","CN=HSVDICTSI,OU=Systems Servers,OU=HS Servers,DC=HS,DC=wvu-ad,DC=wvu,DC=edu"
"HS-SON-SOP","True","True","True","False","True","CN=HS-SON-SOP,OU=Systems Servers,OU=HS Servers,DC=HS,DC=wvu-ad,DC=wvu,DC=edu"
"HS-CPRC","False","False","False","False","False","CN=HS-CPRC,OU=DisabledSystemsServers,OU=Inactive Computers,DC=HS,DC=wvu-ad,DC=wvu,DC=edu"
"HS-ADMIN","True","True","True","False","True","CN=HS-ADMIN,OU=Systems Servers,OU=HS Servers,DC=HS,DC=wvu-ad,DC=wvu,DC=edu"
"CHSCPRINT2","True","True","True","True","True","CN=CHSCPRINT2,OU=CHSC Servers,OU=HS Servers,DC=HS,DC=wvu-ad,DC=wvu,DC=edu"
"HD1P","False","False","False","False","False","CN=HD1P,OU=WinServer,OU=Inactive Computers,DC=HS,DC=wvu-ad,DC=wvu,DC=edu"
"HD2P","False","False","False","False","False","CN=HD2P,OU=WinServer,OU=Inactive Computers,DC=HS,DC=wvu-ad,DC=wvu,DC=edu"
"HD1D","False","False","False","False","False","CN=HD1D,OU=WinServer,OU=Inactive Computers,DC=HS,DC=wvu-ad,DC=wvu,DC=edu"
"HD2D","False","False","False","False","False","CN=HD2D,OU=WinServer,OU=Inactive Computers,DC=HS,DC=wvu-ad,DC=wvu,DC=edu"
"EVBD","False","False","False","False","False","CN=EVBD,OU=WinServer,OU=Inactive Computers,DC=HS,DC=wvu-ad,DC=wvu,DC=edu"
"AUDIOLOGY","True","True","True","True","True","CN=AUDIOLOGY,OU=Systems Servers,OU=HS Servers,DC=HS,DC=wvu-ad,DC=wvu,DC=edu"
"OFFICEWEBAPPS","False","False","False","False","False","CN=OFFICEWEBAPPS,OU=DisabledSystemsServers,OU=Inactive Computers,DC=HS,DC=wvu-ad,DC=wvu,DC=edu"
"SODMRVIEW","True","False","True","True","True","CN=SODMRVIEW,OU=SOD Servers,OU=HS Servers,DC=HS,DC=wvu-ad,DC=wvu,DC=edu"
"HS-RESEARCH","True","True","True","True","True","CN=HS-RESEARCH,OU=Systems Servers,OU=HS Servers,DC=HS,DC=wvu-ad,DC=wvu,DC=edu"
"AUDIOLOGYTEST","True","True","True","True","True","CN=AUDIOLOGYTEST,OU=Systems Servers,OU=HS Servers,DC=HS,DC=wvu-ad,DC=wvu,DC=edu"
"DEEPTHOT","True","True","True","True","True","CN=DEEPTHOT,OU=CHSC Servers,OU=HS Servers,DC=HS,DC=wvu-ad,DC=wvu,DC=edu"
"HS-SCCM-EXT","True","True","True","True","True","CN=HS-SCCM-EXT,OU=Systems Servers,OU=HS Servers,DC=HS,DC=wvu-ad,DC=wvu,DC=edu"
"ITSWEB-HV1","True","True","True","True","True","CN=ITSWEB-HV1,OU=ITS Web Servers,OU=HS Servers,DC=HS,DC=wvu-ad,DC=wvu,DC=edu"
"ITSWEB-SQLCRYPT","True","True","True","True","True","CN=ITSWEB-SQLCRYPT,OU=ITS Web Servers,OU=HS Servers,DC=HS,DC=wvu-ad,DC=wvu,DC=edu"
"ITSWEB-XTRA","True","False","True","True","True","CN=ITSWEB-XTRA,OU=ITS Web Servers,OU=HS Servers,DC=HS,DC=wvu-ad,DC=wvu,DC=edu"
"CHASOPS5","True","True","True","True","False","CN=CHASOPS5,OU=CHSC Servers,OU=HS Servers,DC=HS,DC=wvu-ad,DC=wvu,DC=edu"
"HSSAILPOINT2","True","True","True","True","True","CN=HSSAILPOINT2,OU=Systems Servers,OU=HS Servers,DC=HS,DC=wvu-ad,DC=wvu,DC=edu"
"HSSAILPOINT1","True","True","True","True","True","CN=HSSAILPOINT1,OU=Systems Servers,OU=HS Servers,DC=HS,DC=wvu-ad,DC=wvu,DC=edu"
"ITSWEB-SOLECRYP","True","True","True","True","True","CN=ITSWEB-SOLECRYP,OU=ITS Web Servers,OU=HS Servers,DC=HS,DC=wvu-ad,DC=wvu,DC=edu"
"HS-USB","False","False","False","False","False","CN=HS-USB,OU=DisabledSystemsServers,OU=Inactive Computers,DC=HS,DC=wvu-ad,DC=wvu,DC=edu"
"ITSWEB-SSRS","True","True","True","True","True","CN=ITSWEB-SSRS,OU=ITS Web Servers,OU=HS Servers,DC=HS,DC=wvu-ad,DC=wvu,DC=edu"
"FPC3","True","True","True","True","True","CN=FPC3,OU=ForcePoint,OU=Systems Servers,OU=HS Servers,DC=HS,DC=wvu-ad,DC=wvu,DC=edu"
"FPC1","True","True","True","True","True","CN=FPC1,OU=ForcePoint,OU=Systems Servers,OU=HS Servers,DC=HS,DC=wvu-ad,DC=wvu,DC=edu"
"FPC2","True","True","True","True","True","CN=FPC2,OU=ForcePoint,OU=Systems Servers,OU=HS Servers,DC=HS,DC=wvu-ad,DC=wvu,DC=edu"
"FPMAN","True","True","True","True","True","CN=FPMAN,OU=ForcePoint,OU=Systems Servers,OU=HS Servers,DC=HS,DC=wvu-ad,DC=wvu,DC=edu"
"FPC4","True","True","True","True","True","CN=FPC4,OU=ForcePoint,OU=Systems Servers,OU=HS Servers,DC=HS,DC=wvu-ad,DC=wvu,DC=edu"
"HSPRINT4","True","True","True","True","True","CN=HSPRINT4,OU=Systems Servers,OU=HS Servers,DC=HS,DC=wvu-ad,DC=wvu,DC=edu"
"HSRDSHCL01","True","True","True","True","True","CN=HSRDSHCL01,OU=RDSHCL,OU=Systems Servers,OU=HS Servers,DC=HS,DC=wvu-ad,DC=wvu,DC=edu"
"HSDUO2","True","True","True","True","True","CN=HSDUO2,OU=Systems Servers,OU=HS Servers,DC=HS,DC=wvu-ad,DC=wvu,DC=edu"
"HSRDSHCL02","True","True","True","True","True","CN=HSRDSHCL02,OU=RDSHCL,OU=Systems Servers,OU=HS Servers,DC=HS,DC=wvu-ad,DC=wvu,DC=edu"
"ROCRDSHCL01","True","True","True","True","True","CN=ROCRDSHCL01,OU=RDSHCL,OU=Systems Servers,OU=HS Servers,DC=HS,DC=wvu-ad,DC=wvu,DC=edu"
"ITSWEB-LISTS","True","True","True","True","False","CN=ITSWEB-LISTS,OU=ITS Web Servers,OU=HS Servers,DC=HS,DC=wvu-ad,DC=wvu,DC=edu"
"ITSWEB-LOGS","True","True","True","True","True","CN=ITSWEB-LOGS,OU=ITS Web Servers,OU=HS Servers,DC=HS,DC=wvu-ad,DC=wvu,DC=edu"
"CHASOPS6","True","True","True","True","True","CN=CHASOPS6,OU=CHSC Servers,OU=HS Servers,DC=HS,DC=wvu-ad,DC=wvu,DC=edu"
"ZetaVm","False","False","False","False","False","CN=ZetaVm,OU=DisabledSystemsServers,OU=Inactive Computers,DC=HS,DC=wvu-ad,DC=wvu,DC=edu"
"SOD-MIPACSOLD","True","False","True","True","False","CN=SOD-MIPACSOLD,OU=SOD Servers,OU=HS Servers,DC=HS,DC=wvu-ad,DC=wvu,DC=edu"
"fpupdate","False","False","False","False","False","CN=fpupdate,OU=DisabledSystemsServers,OU=Inactive Computers,DC=HS,DC=wvu-ad,DC=wvu,DC=edu"
"ITSWEB-HVSOLE1","True","True","True","True","True","CN=ITSWEB-HVSOLE1,OU=ITS Web Servers,OU=HS Servers,DC=HS,DC=wvu-ad,DC=wvu,DC=edu"
"ITSWEB-SOLE1","True","True","True","True","True","CN=ITSWEB-SOLE1,OU=ITS Web Servers,OU=HS Servers,DC=HS,DC=wvu-ad,DC=wvu,DC=edu"
"ITSWEB-SOLE2","True","True","True","True","True","CN=ITSWEB-SOLE2,OU=ITS Web Servers,OU=HS Servers,DC=HS,DC=wvu-ad,DC=wvu,DC=edu"
"HS-SCCM-CHSC","True","False","True","True","True","CN=HS-SCCM-CHSC,OU=Systems Servers,OU=HS Servers,DC=HS,DC=wvu-ad,DC=wvu,DC=edu"
"RENHOEK","True","False","True","True","True","CN=RENHOEK,OU=CHSC Servers,OU=HS Servers,DC=HS,DC=wvu-ad,DC=wvu,DC=edu"
"ITSWEB-TCAGENT3","True","True","True","True","True","CN=ITSWEB-TCAGENT3,OU=ITS Web Servers,OU=HS Servers,DC=HS,DC=wvu-ad,DC=wvu,DC=edu"
"OLDHSCFP","False","False","False","False","False","CN=OLDHSCFP,OU=Other Computers,OU=HS Computers,DC=HS,DC=wvu-ad,DC=wvu,DC=edu"
"ITSWEB-SCVMM","True","True","True","True","True","CN=ITSWEB-SCVMM,OU=ITS Web Servers,OU=HS Servers,DC=HS,DC=wvu-ad,DC=wvu,DC=edu"
"ADCONNECT1","True","True","True","True","True","CN=ADCONNECT1,OU=Systems Servers,OU=HS Servers,DC=HS,DC=wvu-ad,DC=wvu,DC=edu"
"TESTFLOATPC","False","False","False","False","False","CN=TESTFLOATPC,OU=DisabledSystemsServers,OU=Inactive Computers,DC=HS,DC=wvu-ad,DC=wvu,DC=edu"
"CHSCSOLDIER","True","False","True","True","True","CN=CHSCSOLDIER,OU=CHSC Servers,OU=HS Servers,DC=HS,DC=wvu-ad,DC=wvu,DC=edu"
"CHSCVCENTERTEST","True","False","True","True","True","CN=CHSCVCENTERTEST,OU=DisabledSystemsServers,OU=Inactive Computers,DC=HS,DC=wvu-ad,DC=wvu,DC=edu"
"TESTVEEAMVM","True","False","True","True","True","CN=TESTVEEAMVM,OU=CHSC Servers,OU=HS Servers,DC=HS,DC=wvu-ad,DC=wvu,DC=edu"
"ITSWEB-HVSYS","True","True","True","True","True","CN=ITSWEB-HVSYS,OU=ITS Web Servers,OU=HS Servers,DC=HS,DC=wvu-ad,DC=wvu,DC=edu"
"ROC-XIV2","False","False","False","False","False","CN=ROC-XIV2,OU=DisabledSystemsServers,OU=Inactive Computers,DC=HS,DC=wvu-ad,DC=wvu,DC=edu"
"HSVDISSO1","True","True","True","False","True","CN=HSVDISSO1,OU=Systems Servers,OU=HS Servers,DC=HS,DC=wvu-ad,DC=wvu,DC=edu"
"HSVDISQL","False","False","False","False","False","CN=HSVDISQL,OU=DisabledSystemsServers,OU=Inactive Computers,DC=HS,DC=wvu-ad,DC=wvu,DC=edu"
"HSVDIAPPV1","True","True","True","False","True","CN=HSVDIAPPV1,OU=Systems Servers,OU=HS Servers,DC=HS,DC=wvu-ad,DC=wvu,DC=edu"
"HSVDIAPPV2","True","True","True","False","True","CN=HSVDIAPPV2,OU=Systems Servers,OU=HS Servers,DC=HS,DC=wvu-ad,DC=wvu,DC=edu"
"SOD-APP","True","False","True","False","True","CN=SOD-APP,OU=SOD Servers,OU=HS Servers,DC=HS,DC=wvu-ad,DC=wvu,DC=edu"
"SOD-ITDF2","True","True","True","False","True","CN=SOD-ITDF2,OU=SOD Servers,OU=HS Servers,DC=HS,DC=wvu-ad,DC=wvu,DC=edu"
"HSVDISSO2","True","True","True","False","True","CN=HSVDISSO2,OU=Systems Servers,OU=HS Servers,DC=HS,DC=wvu-ad,DC=wvu,DC=edu"
"ARCGIS","True","True","True","True","True","CN=ARCGIS,OU=Systems Servers,OU=HS Servers,DC=HS,DC=wvu-ad,DC=wvu,DC=edu"
"HSRDTPDB","True","True","True","False","True","CN=HSRDTPDB,OU=RDTP Servers,OU=HS Servers,DC=HS,DC=wvu-ad,DC=wvu,DC=edu"
"VEEAMPROXY","True","True","True","False","True","CN=VEEAMPROXY,OU=Systems Servers,OU=HS Servers,DC=HS,DC=wvu-ad,DC=wvu,DC=edu"
"SOD-STORE","True","True","True","True","True","CN=SOD-STORE,OU=SOD Servers,OU=HS Servers,DC=HS,DC=wvu-ad,DC=wvu,DC=edu"
"FUSION2","True","True","True","True","True","CN=FUSION2,OU=Test,OU=HS Servers,DC=HS,DC=wvu-ad,DC=wvu,DC=edu"
"AFA-SERVICES","True","False","True","True","True","CN=AFA-SERVICES,OU=Facilities,OU=HS Computers,DC=HS,DC=wvu-ad,DC=wvu,DC=edu"
"HSSPOFFICE","True","True","True","True","True","CN=HSSPOFFICE,OU=Systems Servers,OU=HS Servers,DC=HS,DC=wvu-ad,DC=wvu,DC=edu"
"ITSWEB-SQLOLD","True","False","True","True","True","CN=ITSWEB-SQLOLD,OU=ITS Web Servers,OU=HS Servers,DC=HS,DC=wvu-ad,DC=wvu,DC=edu"
"ITSWEB-6WG0D42","True","False","True","True","True","CN=ITSWEB-6WG0D42,OU=ITS Web Servers,OU=HS Servers,DC=HS,DC=wvu-ad,DC=wvu,DC=edu"
"HS-CACTI","True","True","True","True","False","CN=HS-CACTI,OU=Infrastructure Servers,OU=HS Servers,DC=HS,DC=wvu-ad,DC=wvu,DC=edu"
"LYNXGUIDE","True","True","True","True","True","CN=LYNXGUIDE,OU=Systems Servers,OU=HS Servers,DC=HS,DC=wvu-ad,DC=wvu,DC=edu"
"HSVDIVCD1","True","True","True","False","True","CN=HSVDIVCD1,OU=Systems Servers,OU=HS Servers,DC=HS,DC=wvu-ad,DC=wvu,DC=edu"
"ROC-XIV","True","False","True","False","True","CN=ROC-XIV,OU=Systems Servers,OU=HS Servers,DC=HS,DC=wvu-ad,DC=wvu,DC=edu"
"HSRDSHFILE","True","True","True","True","True","CN=HSRDSHFILE,OU=Systems Servers,OU=HS Servers,DC=HS,DC=wvu-ad,DC=wvu,DC=edu"
"AIP","True","True","True","True","True","CN=AIP,OU=Systems Servers,OU=HS Servers,DC=HS,DC=wvu-ad,DC=wvu,DC=edu"
"RMS","True","True","True","True","True","CN=RMS,OU=Systems Servers,OU=HS Servers,DC=HS,DC=wvu-ad,DC=wvu,DC=edu"
"ITSWEB-BACKUPS","True","True","True","True","True","CN=ITSWEB-BACKUPS,OU=ITS Web Servers,OU=HS Servers,DC=HS,DC=wvu-ad,DC=wvu,DC=edu"
"HSC-PAN-HS","True","True","True","True","True","CN=HSC-PAN-HS,OU=Infrastructure Servers,OU=HS Servers,DC=HS,DC=wvu-ad,DC=wvu,DC=edu"
"HSSP2016","True","True","True","True","True","CN=HSSP2016,OU=Systems Servers,OU=HS Servers,DC=HS,DC=wvu-ad,DC=wvu,DC=edu"
"VEEAM2","True","True","True","False","True","CN=VEEAM2,OU=Systems Servers,OU=HS Servers,DC=HS,DC=wvu-ad,DC=wvu,DC=edu"
"NQUERY","True","True","True","False","True","CN=NQUERY,OU=Systems Servers,OU=HS Servers,DC=HS,DC=wvu-ad,DC=wvu,DC=edu"
"CHASOPS7","True","False","True","False","True","CN=CHASOPS7,OU=CHSC Servers,OU=HS Servers,DC=HS,DC=wvu-ad,DC=wvu,DC=edu"
"HSVDICOMP2","True","True","True","False","True","CN=HSVDICOMP2,OU=Systems Servers,OU=HS Servers,DC=HS,DC=wvu-ad,DC=wvu,DC=edu"
"HSVDIUEM","True","True","True","False","True","CN=HSVDIUEM,OU=Systems Servers,OU=HS Servers,DC=HS,DC=wvu-ad,DC=wvu,DC=edu"
"HSVDIUSERS","True","True","True","False","True","CN=HSVDIUSERS,OU=Systems Servers,OU=HS Servers,DC=HS,DC=wvu-ad,DC=wvu,DC=edu"
"CHSCSV3M","True","True","False","False","False","CN=CHSCSV3M,OU=CHSC Servers,OU=HS Servers,DC=HS,DC=wvu-ad,DC=wvu,DC=edu"
"HSC-PAN-WVUH","True","True","True","True","True","CN=HSC-PAN-WVUH,OU=Infrastructure Servers,OU=HS Servers,DC=HS,DC=wvu-ad,DC=wvu,DC=edu"
"HS-SOLSTICE","True","True","True","True","True","CN=HS-SOLSTICE,OU=Infrastructure Servers,OU=HS Servers,DC=HS,DC=wvu-ad,DC=wvu,DC=edu"
"HSVDICOMP1","True","True","True","False","True","CN=HSVDICOMP1,OU=Systems Servers,OU=HS Servers,DC=HS,DC=wvu-ad,DC=wvu,DC=edu"
"ITSWEB-HVSOLE2","True","True","True","True","True","CN=ITSWEB-HVSOLE2,OU=ITS Web Servers,OU=HS Servers,DC=HS,DC=wvu-ad,DC=wvu,DC=edu"
"HS-ANQUARTER","True","False","True","True","True","CN=HS-ANQUARTER,OU=Systems Servers,OU=HS Servers,DC=HS,DC=wvu-ad,DC=wvu,DC=edu"
"ITSWEB-SOLEWEB1","True","False","True","True","True","CN=ITSWEB-SOLEWEB1,OU=ITS Web Servers,OU=HS Servers,DC=HS,DC=wvu-ad,DC=wvu,DC=edu"
"CHSC-CUAC","True","True","True","True","True","CN=CHSC-CUAC,OU=CHSC Servers,OU=HS Servers,DC=HS,DC=wvu-ad,DC=wvu,DC=edu"
"CHSDC1","True","True","True","True","True","CN=CHSDC1,OU=Domain Controllers,DC=HS,DC=wvu-ad,DC=wvu,DC=edu"
"HSCA","True","True","True","True","True","CN=HSCA,OU=Domain Controllers,DC=HS,DC=wvu-ad,DC=wvu,DC=edu"
"HSDC6","True","True","True","True","True","CN=HSDC6,OU=Domain Controllers,DC=HS,DC=wvu-ad,DC=wvu,DC=edu"
"AZ-WVRDTP-SVR01","True","True","True","True","True","CN=AZ-WVRDTP-SVR01,OU=RDTP Servers,OU=HS Servers,DC=HS,DC=wvu-ad,DC=wvu,DC=edu"
"HSDC4","True","True","True","True","True","CN=HSDC4,OU=Domain Controllers,DC=HS,DC=wvu-ad,DC=wvu,DC=edu"
"HS-DEEPFREEZE","True","True","True","True","True","CN=HS-DEEPFREEZE,OU=Systems Servers,OU=HS Servers,DC=HS,DC=wvu-ad,DC=wvu,DC=edu"
"hsadfs01","True","True","True","True","True","CN=hsadfs01,OU=Systems Servers,OU=HS Servers,DC=HS,DC=wvu-ad,DC=wvu,DC=edu"
"hsadfs02","True","True","True","True","True","CN=hsadfs02,OU=Systems Servers,OU=HS Servers,DC=HS,DC=wvu-ad,DC=wvu,DC=edu"
"ITSWEB-TEAMC","True","False","True","True","True","CN=ITSWEB-TEAMC,OU=ITS Web Servers,OU=HS Servers,DC=HS,DC=wvu-ad,DC=wvu,DC=edu"
"DEEPTHOT2","True","True","True","True","True","CN=DEEPTHOT2,OU=CHSC Servers,OU=HS Servers,DC=HS,DC=wvu-ad,DC=wvu,DC=edu"
"CHAS2016TESTV","True","False","True","True","True","CN=CHAS2016TESTV,OU=CHSC Servers,OU=HS Servers,DC=HS,DC=wvu-ad,DC=wvu,DC=edu"
"ITSWEB-CODE2","True","True","True","True","True","CN=ITSWEB-CODE2,OU=ITS Web Servers,OU=HS Servers,DC=HS,DC=wvu-ad,DC=wvu,DC=edu"
"HS-SPH1","True","True","True","True","True","CN=HS-SPH1,OU=Systems Servers,OU=HS Servers,DC=HS,DC=wvu-ad,DC=wvu,DC=edu"
"HS-PSYCH","True","True","True","True","True","CN=HS-PSYCH,OU=Systems Servers,OU=HS Servers,DC=HS,DC=wvu-ad,DC=wvu,DC=edu"
"hc-hsfileshare1","False","False","False","False","False","CN=hc-hsfileshare1,OU=DisabledSystemsServers,OU=Inactive Computers,DC=HS,DC=wvu-ad,DC=wvu,DC=edu"
"HS-MED","True","True","True","True","False","CN=HS-MED,OU=Systems Servers,OU=HS Servers,DC=HS,DC=wvu-ad,DC=wvu,DC=edu"
"HS-SOMVIDEO","True","True","True","True","True","CN=HS-SOMVIDEO,OU=Systems Servers,OU=HS Servers,DC=HS,DC=wvu-ad,DC=wvu,DC=edu"
"ITSWEB-CMS1","True","True","True","True","False","CN=ITSWEB-CMS1,OU=ITS Web Servers,OU=HS Servers,DC=HS,DC=wvu-ad,DC=wvu,DC=edu"
"ITSWEB-HISTODEV","True","True","True","True","True","CN=ITSWEB-HISTODEV,OU=ITS Web Servers,OU=HS Servers,DC=HS,DC=wvu-ad,DC=wvu,DC=edu"
"ITSWEB-HISTO","True","False","True","True","True","CN=ITSWEB-HISTO,OU=ITS Web Servers,OU=HS Servers,DC=HS,DC=wvu-ad,DC=wvu,DC=edu"
"ITSWEB-CMS2","True","True","True","True","True","CN=ITSWEB-CMS2,OU=ITS Web Servers,OU=HS Servers,DC=HS,DC=wvu-ad,DC=wvu,DC=edu"
"ITSWeb-Azure2","True","False","True","True","True","CN=ITSWeb-Azure2,OU=ITS Web Servers,OU=HS Servers,DC=HS,DC=wvu-ad,DC=wvu,DC=edu"
"VM-P2V","False","False","False","False","False","CN=VM-P2V,OU=DisabledSystemsServers,OU=Inactive Computers,DC=HS,DC=wvu-ad,DC=wvu,DC=edu"
"ITSWEB-JOBS","True","False","True","True","True","CN=ITSWEB-JOBS,OU=ITS Web Servers,OU=HS Servers,DC=HS,DC=wvu-ad,DC=wvu,DC=edu"
"CHSCDONTPANIC","True","True","True","True","True","CN=CHSCDONTPANIC,OU=CHSC Servers,OU=HS Servers,DC=HS,DC=wvu-ad,DC=wvu,DC=edu"
"ITSWEB-SQLVM2","True","True","True","True","True","CN=ITSWEB-SQLVM2,OU=ITS Web Servers,OU=HS Servers,DC=HS,DC=wvu-ad,DC=wvu,DC=edu"
"CHSCVEEAM","True","True","True","True","True","CN=CHSCVEEAM,OU=CHSC Servers,OU=HS Servers,DC=HS,DC=wvu-ad,DC=wvu,DC=edu"
"ITSWEB-DEV1","True","True","True","True","False","CN=ITSWEB-DEV1,OU=ITS Web Servers,OU=HS Servers,DC=HS,DC=wvu-ad,DC=wvu,DC=edu"
"ITSWeb-SQLHA1","True","True","True","True","True","CN=ITSWeb-SQLHA1,OU=ITS Web Servers,OU=HS Servers,DC=HS,DC=wvu-ad,DC=wvu,DC=edu"
"ITSWEB-DEV2","True","True","True","True","True","CN=ITSWEB-DEV2,OU=ITS Web Servers,OU=HS Servers,DC=HS,DC=wvu-ad,DC=wvu,DC=edu"
"ITSWEB-SQLVMDEV","True","True","True","True","True","CN=ITSWEB-SQLVMDEV,OU=ITS Web Servers,OU=HS Servers,DC=HS,DC=wvu-ad,DC=wvu,DC=edu"
"Rightfax-SVR01","True","True","True","True","True","CN=Rightfax-SVR01,OU=RDTP Servers,OU=HS Servers,DC=HS,DC=wvu-ad,DC=wvu,DC=edu"
"DENT","True","False","True","True","True","CN=DENT,OU=SOD,OU=HS Computers,DC=HS,DC=wvu-ad,DC=wvu,DC=edu"
"ITSWEB-SOLEAPP1","True","True","True","True","False","CN=ITSWEB-SOLEAPP1,OU=ITS Web Servers,OU=HS Servers,DC=HS,DC=wvu-ad,DC=wvu,DC=edu"
"AFA-WATTSTOPPER","True","True","True","True","True","CN=AFA-WATTSTOPPER,OU=Systems Servers,OU=HS Servers,DC=HS,DC=wvu-ad,DC=wvu,DC=edu"
"ITSWEB-AXCON-D","True","True","True","True","True","CN=ITSWEB-AXCON-D,OU=ITS Web Servers,OU=HS Servers,DC=HS,DC=wvu-ad,DC=wvu,DC=edu"
"ITSWEB-SOLEAPP2","True","True","True","True","True","CN=ITSWEB-SOLEAPP2,OU=ITS Web Servers,OU=HS Servers,DC=HS,DC=wvu-ad,DC=wvu,DC=edu"
"ITSWEB-SOLE3","True","True","True","True","True","CN=ITSWEB-SOLE3,OU=ITS Web Servers,OU=HS Servers,DC=HS,DC=wvu-ad,DC=wvu,DC=edu"
"ROCRDSH03","True","True","True","True","True","CN=ROCRDSH03,OU=RDSH,OU=Systems Servers,OU=HS Servers,DC=HS,DC=wvu-ad,DC=wvu,DC=edu"
"HSRDSH03","True","True","True","True","True","CN=HSRDSH03,OU=RDSH,OU=Systems Servers,OU=HS Servers,DC=HS,DC=wvu-ad,DC=wvu,DC=edu"
"HSRDSH04","True","True","True","True","True","CN=HSRDSH04,OU=RDSH,OU=Systems Servers,OU=HS Servers,DC=HS,DC=wvu-ad,DC=wvu,DC=edu"
"ROCRDSH04","True","True","True","True","True","CN=ROCRDSH04,OU=RDSH,OU=Systems Servers,OU=HS Servers,DC=HS,DC=wvu-ad,DC=wvu,DC=edu"
"HSRDSH05","True","True","True","True","True","CN=HSRDSH05,OU=RDSH,OU=Systems Servers,OU=HS Servers,DC=HS,DC=wvu-ad,DC=wvu,DC=edu"
"ROCRDSH05","True","False","True","True","True","CN=ROCRDSH05,OU=RDSH,OU=Systems Servers,OU=HS Servers,DC=HS,DC=wvu-ad,DC=wvu,DC=edu"
"HSRDSHAFA","True","True","True","True","False","CN=HSRDSHAFA,OU=RDSH,OU=Systems Servers,OU=HS Servers,DC=HS,DC=wvu-ad,DC=wvu,DC=edu"
"ITSWEB-SQL","True","True","True","True","True","CN=ITSWEB-SQL,OU=ITS Web Servers,OU=HS Servers,DC=HS,DC=wvu-ad,DC=wvu,DC=edu"
"2016NESTTEST","True","False","True","True","True","CN=2016NESTTEST,OU=CHSC Servers,OU=HS Servers,DC=HS,DC=wvu-ad,DC=wvu,DC=edu"
"ITSWEB-METRICS","True","True","True","True","True","CN=ITSWEB-METRICS,OU=ITS Web Servers,OU=HS Servers,DC=HS,DC=wvu-ad,DC=wvu,DC=edu"
"HSRDSH06","True","True","True","True","True","CN=HSRDSH06,OU=RDSH,OU=Systems Servers,OU=HS Servers,DC=HS,DC=wvu-ad,DC=wvu,DC=edu"
"ROCRDSH06","True","True","True","True","True","CN=ROCRDSH06,OU=RDSH,OU=Systems Servers,OU=HS Servers,DC=HS,DC=wvu-ad,DC=wvu,DC=edu"
"ITSWEB-JOBS1","True","True","True","True","True","CN=ITSWEB-JOBS1,OU=ITS Web Servers,OU=HS Servers,DC=HS,DC=wvu-ad,DC=wvu,DC=edu"
"ITSWEB-MAIL","True","True","True","True","True","CN=ITSWEB-MAIL,OU=ITS Web Servers,OU=HS Servers,DC=HS,DC=wvu-ad,DC=wvu,DC=edu"
"ITSWEB-AXCON-PA","True","True","True","False","True","CN=ITSWEB-AXCON-PA,OU=ITS Web Servers,OU=HS Servers,DC=HS,DC=wvu-ad,DC=wvu,DC=edu"
"ITSWEB-LISTTEST","True","False","True","False","True","CN=ITSWEB-LISTTEST,OU=ITS Web Servers,OU=HS Servers,DC=HS,DC=wvu-ad,DC=wvu,DC=edu"
"SYSSCRIPT5","True","True","True","True","True","CN=SYSSCRIPT5,OU=Systems Servers,OU=HS Servers,DC=HS,DC=wvu-ad,DC=wvu,DC=edu"
"ITSWEB-SYSLOG1","True","True","True","True","True","CN=ITSWEB-SYSLOG1,OU=ITS Web Servers,OU=HS Servers,DC=HS,DC=wvu-ad,DC=wvu,DC=edu"
"ITSWEB-SYSLOG2","True","True","True","True","True","CN=ITSWEB-SYSLOG2,OU=ITS Web Servers,OU=HS Servers,DC=HS,DC=wvu-ad,DC=wvu,DC=edu"
"RightFax-SVR","True","True","True","True","True","CN=RightFax-SVR,OU=RDTP Servers,OU=HS Servers,DC=HS,DC=wvu-ad,DC=wvu,DC=edu"
"ITSWEB-AXCON-P","True","True","True","True","True","CN=ITSWEB-AXCON-P,OU=ITS Web Servers,OU=HS Servers,DC=HS,DC=wvu-ad,DC=wvu,DC=edu"
"CHSC3M2","True","True","True","True","True","CN=CHSC3M2,OU=CHSC Servers,OU=HS Servers,DC=HS,DC=wvu-ad,DC=wvu,DC=edu"
"HSNESSUS","True","True","True","True","True","CN=HSNESSUS,OU=Systems Servers,OU=HS Servers,DC=HS,DC=wvu-ad,DC=wvu,DC=edu"
"HSPALM","True","True","True","True","True","CN=HSPALM,OU=Systems Servers,OU=HS Servers,DC=HS,DC=wvu-ad,DC=wvu,DC=edu"
"HS-TABLEAU","True","True","True","True","True","CN=HS-TABLEAU,OU=Systems Servers,OU=HS Servers,DC=HS,DC=wvu-ad,DC=wvu,DC=edu"
"CHSC-CUAC2","True","True","True","True","True","CN=CHSC-CUAC2,OU=CHSC Servers,OU=HS Servers,DC=HS,DC=wvu-ad,DC=wvu,DC=edu"
"CHSC-CUAC1","True","False","True","True","True","CN=CHSC-CUAC1,OU=CHSC Servers,OU=HS Servers,DC=HS,DC=wvu-ad,DC=wvu,DC=edu"
"ITSWEB-HVSD4","True","True","True","True","True","CN=ITSWEB-HVSD4,OU=ITS Web Servers,OU=HS Servers,DC=HS,DC=wvu-ad,DC=wvu,DC=edu"
"ITSWEB-HVSD1","True","True","True","True","True","CN=ITSWEB-HVSD1,OU=ITS Web Servers,OU=HS Servers,DC=HS,DC=wvu-ad,DC=wvu,DC=edu"
"ITSWEB-HVSD2","True","True","True","True","True","CN=ITSWEB-HVSD2,OU=ITS Web Servers,OU=HS Servers,DC=HS,DC=wvu-ad,DC=wvu,DC=edu"
"ITSWEB-HVSD3","True","True","True","True","True","CN=ITSWEB-HVSD3,OU=ITS Web Servers,OU=HS Servers,DC=HS,DC=wvu-ad,DC=wvu,DC=edu"
"ITSWeb-HVSDCL","False","False","False","False","False","CN=ITSWeb-HVSDCL,OU=ITS Web Servers,OU=HS Servers,DC=HS,DC=wvu-ad,DC=wvu,DC=edu"
"HSC-PAN-HS-1","True","True","True","True","False","CN=HSC-PAN-HS-1,OU=Infrastructure Servers,OU=HS Servers,DC=HS,DC=wvu-ad,DC=wvu,DC=edu"
"HSC-PAN-WVUH-1","True","True","True","True","True","CN=HSC-PAN-WVUH-1,OU=Infrastructure Servers,OU=HS Servers,DC=HS,DC=wvu-ad,DC=wvu,DC=edu"
"ITSWEB-OMAN","True","False","True","True","True","CN=ITSWEB-OMAN,OU=ITS Web Servers,OU=HS Servers,DC=HS,DC=wvu-ad,DC=wvu,DC=edu"
"TABLEAU","True","True","True","True","True","CN=TABLEAU,OU=Systems Servers,OU=HS Servers,DC=HS,DC=wvu-ad,DC=wvu,DC=edu"
"ITSWEB-XTRA2019","True","True","True","True","True","CN=ITSWEB-XTRA2019,OU=ITS Web Servers,OU=HS Servers,DC=HS,DC=wvu-ad,DC=wvu,DC=edu"
"arcgis-pri","True","True","True","True","True","CN=arcgis-pri,OU=CTSI Servers,OU=HS Servers,DC=HS,DC=wvu-ad,DC=wvu,DC=edu"
"arcgis-bds","True","True","True","True","True","CN=arcgis-bds,OU=CTSI Servers,OU=HS Servers,DC=HS,DC=wvu-ad,DC=wvu,DC=edu"
"ARCGIS-EVENTS","True","True","True","True","True","CN=ARCGIS-EVENTS,OU=CTSI Servers,OU=HS Servers,DC=HS,DC=wvu-ad,DC=wvu,DC=edu"
"KOMPRISEPROXY1","True","True","True","True","True","CN=KOMPRISEPROXY1,OU=Networking,OU=ITS,OU=HS Computers,DC=HS,DC=wvu-ad,DC=wvu,DC=edu"
"KOMPRISEPROXY2","True","True","True","True","True","CN=KOMPRISEPROXY2,OU=Networking,OU=ITS,OU=HS Computers,DC=HS,DC=wvu-ad,DC=wvu,DC=edu"
"ITSWEB-CMS01","True","False","True","True","True","CN=ITSWEB-CMS01,OU=ITS Web Servers,OU=HS Servers,DC=HS,DC=wvu-ad,DC=wvu,DC=edu"
"SPIRION","True","True","True","True","True","CN=SPIRION,OU=Systems Servers,OU=HS Servers,DC=HS,DC=wvu-ad,DC=wvu,DC=edu"
"ITSWEB-RDGATE","True","False","True","True","True","CN=ITSWEB-RDGATE,OU=ITS Web Servers,OU=HS Servers,DC=HS,DC=wvu-ad,DC=wvu,DC=edu"
"HSADConnect","True","True","True","True","True","CN=HSADConnect,OU=Systems Servers,OU=HS Servers,DC=HS,DC=wvu-ad,DC=wvu,DC=edu"
"ITSWEB-SOLEEZ","True","True","True","True","True","CN=ITSWEB-SOLEEZ,OU=ITS Web Servers,OU=HS Servers,DC=HS,DC=wvu-ad,DC=wvu,DC=edu"
"ITSWEB-CMS02","True","False","True","True","False","CN=ITSWEB-CMS02,OU=ITS Web Servers,OU=HS Servers,DC=HS,DC=wvu-ad,DC=wvu,DC=edu"
"HSRDSH-BO","True","True","True","True","True","CN=HSRDSH-BO,OU=BrowserOnly,OU=RDSH,OU=Systems Servers,OU=HS Servers,DC=HS,DC=wvu-ad,DC=wvu,DC=edu"
"EXOLINK","True","True","True","True","True","CN=EXOLINK,CN=Computers,DC=HS,DC=wvu-ad,DC=wvu,DC=edu"
"HS-ALLENTOWN","True","True","True","True","True","CN=HS-ALLENTOWN,OU=Systems Servers,OU=HS Servers,DC=HS,DC=wvu-ad,DC=wvu,DC=edu"
"HSADConnect1","True","False","True","True","True","CN=HSADConnect1,OU=Systems Servers,OU=HS Servers,DC=HS,DC=wvu-ad,DC=wvu,DC=edu"
"WIN-D3SFVU22581","False","False","False","False","False","CN=WIN-D3SFVU22581,OU=ITS Web Servers,OU=HS Servers,DC=HS,DC=wvu-ad,DC=wvu,DC=edu"
"HSRDSHGW","True","False","True","True","True","CN=HSRDSHGW,CN=Computers,DC=HS,DC=wvu-ad,DC=wvu,DC=edu"
